waveformName,10nsPause
waveformPoints,10
waveformType,WAVE_ANALOG_16
1.000000000000000
1.000000000000000
1.000000000000000
1.000000000000000
1.000000000000000
1.000000000000000
1.000000000000000
1.000000000000000
1.000000000000000
1.000000000000000
